20170912_142447_634.jpg,0
20170912_142447_719.jpg,0
20170912_142447_824.jpg,0
20170912_142447_931.jpg,0
20170912_142448_044.jpg,0
20170912_142656_690.jpg,0
20170912_142656_821.jpg,0
20170912_142656_907.jpg,0
20170912_142657_046.jpg,0
20170912_142657_221.jpg,0
20170912_142657_280.jpg,0
20170912_142657_306.jpg,0
20170912_142658_066.jpg,0
20170912_142658_268.jpg,0
20170912_142658_617.jpg,0
20170912_142658_692.jpg,0
20170912_142700_796.jpg,0
20170912_142700_895.jpg,0
left0024.jpg,0
left0025.jpg,0
left0026.jpg,0
left0027.jpg,0
left0028.jpg,0
left0029.jpg,0
left0030.jpg,0
left0031.jpg,0
left0032.jpg,0
left0033.jpg,0
left0034.jpg,0
left0035.jpg,0
left0036.jpg,0
left0037.jpg,0
left0038.jpg,0
left0039.jpg,0
left0478.jpg,0
left0479.jpg,0
left0481.jpg,0
left0482.jpg,0
left0483.jpg,0
left0484.jpg,0
left0485.jpg,0
left0486.jpg,0
left0487.jpg,0
left0488.jpg,0
left0489.jpg,0
left0490.jpg,0
left0491.jpg,0
left0492.jpg,0
left0493.jpg,0
left0494.jpg,0
left0495.jpg,0
left0496.jpg,0
left0497.jpg,0
left0498.jpg,0
left0499.jpg,0
left0500.jpg,0
left0501.jpg,0
left0502.jpg,0
left0503.jpg,0
left0504.jpg,0
left0505.jpg,0
left0506.jpg,0
left0507.jpg,0
left0508.jpg,0
left0509.jpg,0
left0510.jpg,0
left0511.jpg,0
left0512.jpg,0
left0513.jpg,0
left0514.jpg,0
left0515.jpg,0
left0516.jpg,0
left0517.jpg,0
left0518.jpg,0
left0519.jpg,0
left0520.jpg,0
left0521.jpg,0
left0522.jpg,0
left0523.jpg,0
left0524.jpg,0
left0525.jpg,0
left0526.jpg,0
left0527.jpg,0
left0528.jpg,0
left0529.jpg,0
left0590.jpg,0
left0591.jpg,0
left0592.jpg,0
left0593.jpg,0
left0594.jpg,0
left0595.jpg,0
left0596.jpg,0
left0597.jpg,0
left0598.jpg,0
left0599.jpg,0
left0600.jpg,0
left0601.jpg,0
left0602.jpg,0
left0603.jpg,0
left0604.jpg,0
left0605.jpg,0
left0606.jpg,0
left0607.jpg,0
left0608.jpg,0
left0609.jpg,0
left0610.jpg,0
left0611.jpg,0
left0612.jpg,0
left0613.jpg,0
left0614.jpg,0
left0615.jpg,0
left0616.jpg,0
left0617.jpg,0
left0618.jpg,0
left0619.jpg,0
left0620.jpg,0
left0621.jpg,0
left0622.jpg,0
left0623.jpg,0
left0624.jpg,0
left0625.jpg,0
left0626.jpg,0
left0937.jpg,0
left0969.jpg,0
left0970.jpg,0
left0971.jpg,0
left0972.jpg,0
left0973.jpg,0
left0983.jpg,0
left0984.jpg,0
left0987.jpg,0
left0988.jpg,0
left0991.jpg,0
