20170912_142445_615.jpg,1
20170912_142445_705.jpg,1
20170912_142445_810.jpg,1
20170912_142445_913.jpg,1
20170912_142446_058.jpg,1
20170912_142446_240.jpg,1
20170912_142446_261.jpg,1
20170912_142446_338.jpg,1
20170912_142446_430.jpg,1
20170912_142446_530.jpg,1
20170912_142446_625.jpg,1
left0011.jpg,1
left0012.jpg,1
left0013.jpg,1
left0014.jpg,1
left0015.jpg,1
left0016.jpg,1
left0017.jpg,1
left0018.jpg,1
left0019.jpg,1
left0020.jpg,1
left0021.jpg,1
left0022.jpg,1
left0023.jpg,1
left0570.jpg,1
left0571.jpg,1
left0572.jpg,1
left0573.jpg,1
left0574.jpg,1
left0575.jpg,1
left0576.jpg,1
left0577.jpg,1
left0578.jpg,1
left0579.jpg,1
left0580.jpg,1
left0581.jpg,1
left0582.jpg,1
left0583.jpg,1
left0584.jpg,1
left0585.jpg,1
left0586.jpg,1
left0587.jpg,1
left0588.jpg,1
left0589.jpg,1
