left0040.jpg,3
left0041.jpg,3
left0042.jpg,3
left0043.jpg,3
left0044.jpg,3
left0045.jpg,3
left0046.jpg,3
left0047.jpg,3
left0048.jpg,3
left0049.jpg,3
left0050.jpg,3
left0051.jpg,3
left0052.jpg,3
left0053.jpg,3
left0054.jpg,3
left0055.jpg,3
left0056.jpg,3
left0057.jpg,3
left0058.jpg,3
left0059.jpg,3
left0411.jpg,3
left0412.jpg,3
left0413.jpg,3
left0414.jpg,3
left0415.jpg,3
left0416.jpg,3
left0417.jpg,3
left0418.jpg,3
left0419.jpg,3
left0420.jpg,3
left0421.jpg,3
left0422.jpg,3
left0423.jpg,3
left0424.jpg,3
left0425.jpg,3
left0426.jpg,3
left0427.jpg,3
left0428.jpg,3
left0429.jpg,3
left0446.jpg,3
left0447.jpg,3
left0449.jpg,3
left0450.jpg,3
