20170912_142444_001.jpg,2
20170912_142444_318.jpg,2
20170912_142444_342.jpg,2
20170912_142444_413.jpg,2
20170912_142444_520.jpg,2
20170912_142444_601.jpg,2
20170912_142444_711.jpg,2
20170912_142444_808.jpg,2
20170912_142444_929.jpg,2
20170912_142445_109.jpg,2
20170912_142445_233.jpg,2
20170912_142445_279.jpg,2
20170912_142445_335.jpg,2
20170912_142445_429.jpg,2
20170912_142445_529.jpg,2
left0003.jpg,2
left0530.jpg,2
left0531.jpg,2
left0532.jpg,2
left0533.jpg,2
left0534.jpg,2
left0535.jpg,2
left0536.jpg,2
left0537.jpg,2
left0538.jpg,2
left0539.jpg,2
left0540.jpg,2
left0541.jpg,2
left0542.jpg,2
left0543.jpg,2
left0544.jpg,2
left0545.jpg,2
left0546.jpg,2
left0547.jpg,2
left0548.jpg,2
left0549.jpg,2
left0550.jpg,2
left0551.jpg,2
left0552.jpg,2
left0553.jpg,2
left0554.jpg,2
left0555.jpg,2
left0556.jpg,2
left0557.jpg,2
left0558.jpg,2
left0559.jpg,2
left0560.jpg,2
left0561.jpg,2
left0562.jpg,2
left0563.jpg,2
left0564.jpg,2
left0565.jpg,2
left0566.jpg,2
left0567.jpg,2
left0568.jpg,2
left0569.jpg,2
left0821.jpg,2
left1100.jpg,2
left1112.jpg,2
